Title,Priority,Estimate,Labels,Sprint,Description,Acceptance Criteria,Files to Modify
游댮 CRITICAL: Add Error Boundaries,1,2,"critical,frontend,error-handling",Sprint 1,"Create and implement React error boundaries to prevent app crashes. Tasks: Create ErrorBoundary component with proper error UI fallback, Wrap major UI sections (KanbanBoard, ProjectContainer, CopilotSidebar), Add error logging and user-friendly error messages, Test error scenarios and boundary recovery","App doesn't crash when component errors occur, Users see helpful error messages instead of white screen, Error details logged for debugging, Error boundaries tested in development","Create: src/components/ErrorBoundary.tsx, Update: src/app/page.tsx, src/app/layout.tsx"
游댮 CRITICAL: Fix Security Vulnerabilities,1,5,"critical,security,backend",Sprint 1,"Implement essential security measures for production readiness. Tasks: Create environment variable validation with Zod schema, Add input validation for all API routes and tools, Implement basic rate limiting for API endpoints, Add CSRF protection and origin validation, Sanitize user inputs in Mastra tools","All environment variables validated at startup, API routes have proper input validation, Rate limiting prevents abuse, CSRF attacks prevented, User inputs sanitized in agent tools","Create: src/lib/env.ts, src/lib/security.ts, Update: src/app/api/*/route.ts, src/mastra/tools/bid.ts"
游댮 CRITICAL: Set Up Testing Infrastructure,1,8,"critical,testing,infrastructure",Sprint 1,"Establish testing framework and write initial tests. Tasks: Install and configure Jest + React Testing Library, Set up test scripts in package.json, Write unit tests for core utilities (store, persistence, state), Create component tests for KanbanBoard, ProjectContainer, Add integration tests for agent tools, Set up test coverage reporting","Testing framework properly configured, At least 60% test coverage for critical paths, CI/CD integration ready, All tests pass consistently","Create: jest.config.js, __tests__/ directory structure, Update: package.json, tsconfig.json"
游리 HIGH: Optimize Performance - Images & Memoization,2,5,"performance,frontend,optimization",Sprint 2,"Address critical performance bottlenecks. Tasks: Replace all <img> tags with Next.js Image components, Add React.memo to KanbanBoard, TeamSection, UsersModal, Implement useMemo for filtered tasks and expensive calculations, Add proper width/height to images for CLS prevention, Configure next.config.ts for image optimization","Bundle size reduced by at least 20%, Core Web Vitals scores improved, No more Next.js image optimization warnings, Components properly memoized","Update: src/app/components/*.tsx, next.config.ts"
游리 HIGH: Accessibility Compliance - Phase 1,2,8,"accessibility,frontend,compliance",Sprint 2,"Fix critical accessibility issues for WCAG compliance. Tasks: Convert modal divs to semantic <dialog> elements, Add proper ARIA labels and roles to all interactive elements, Implement keyboard navigation for task cards and modals, Add focus management and focus trapping for modals, Ensure proper heading hierarchy and semantic structure, Test with screen readers","WCAG AA compliance achieved for critical user flows, All interactive elements keyboard accessible, Screen reader compatibility verified, Focus management working correctly","Update: src/app/components/UsersModal.tsx, src/app/components/KanbanBoard.tsx"
游리 HIGH: Bundle Size Optimization,2,5,"performance,optimization,build",Sprint 2,"Reduce bundle size for better loading performance. Tasks: Implement dynamic imports for CopilotKit and Clerk providers, Configure webpack for proper code splitting of agent modules, Add tree-shaking optimization for Mastra packages, Analyze and remove unused dependencies, Configure next.config.ts with bundle analyzer","Main bundle size under 400kB (currently 584kB), First Load JS under 400kB, Unused dependencies removed, Code splitting working correctly","Update: next.config.ts, src/app/layout.tsx"
游리 HIGH: Error Handling & Validation,2,5,"error-handling,validation,backend",Sprint 2,"Improve error handling throughout the application. Tasks: Add try-catch blocks to all async agent tool functions, Implement proper error responses in API routes, Add client-side error handling for agent failures, Create user-friendly error messages and toast notifications, Add validation for all form inputs and tool parameters","No unhandled promise rejections, All API routes return proper error responses, User-friendly error messages displayed, Input validation prevents bad data","Update: src/mastra/tools/bid.ts, src/app/api/*/route.ts, Create: src/components/ErrorToast.tsx"
游릭 MEDIUM: Code Quality Improvements,3,3,"code-quality,maintenance",Sprint 3,"Clean up code quality issues identified in analysis. Tasks: Remove all console.log statements from production code, Replace hardcoded values with configurable constants, Fix TypeScript @ts-ignore comments with proper typing, Remove unused imports and variables, Add proper JSDoc comments for complex functions","All console.log statements removed from production, No hardcoded magic values, TypeScript strict mode compliance, Clean imports and exports, Comprehensive JSDoc comments","Update: src/cli/index.ts, src/mastra/tools/index.ts, src/app/page.tsx"
游릭 MEDIUM: Next.js Optimization & Metadata,3,2,"seo,optimization,metadata",Sprint 3,"Improve Next.js configuration and SEO. Tasks: Update metadata in layout.tsx with proper title, description, OpenGraph, Configure next.config.ts with image domains and optimization, Add robots.txt and sitemap.xml, Implement proper font loading optimization, Add viewport and theme-color meta tags","Proper SEO metadata configured, Image optimization working, Search engine indexing optimized, Font loading optimized, Mobile viewport configured","Update: src/app/layout.tsx, next.config.ts, Create: public/robots.txt, public/sitemap.xml"
游릭 MEDIUM: Monitoring & Observability Setup,3,5,"monitoring,observability,production",Sprint 3,"Add monitoring and error tracking for production. Tasks: Integrate Sentry for error tracking and performance monitoring, Add Mastra telemetry instrumentation file, Implement analytics tracking for agent interactions, Set up logging for agent conversations and tool usage, Add performance monitoring for bundle size and Core Web Vitals","Error tracking operational in production, Performance monitoring dashboard available, Agent interaction analytics working, Comprehensive logging system in place, Core Web Vitals tracking active","Create: src/lib/monitoring.ts, instrumentation.ts, Update: src/mastra/agents/index.ts"
游릭 MEDIUM: Accessibility Compliance - Phase 2,3,5,"accessibility,advanced",Sprint 3,"Advanced accessibility improvements. Tasks: Implement color contrast validation utility, Add screen reader announcements for state changes, Create skip links for navigation bypass, Add high contrast mode support, Implement reduced motion preferences, Test with multiple assistive technologies","Advanced WCAG compliance achieved, Color contrast validation working, Skip links functional, High contrast mode available, Reduced motion support implemented","Create: src/lib/accessibility.ts, src/hooks/useAnnouncer.ts, src/components/SkipLinks.tsx"
游릭 MEDIUM: Documentation & Developer Experience,3,3,"documentation,developer-experience",Sprint 3,"Improve documentation and developer onboarding. Tasks: Add comprehensive JSDoc comments to all agent tools, Create API documentation for all routes, Write deployment guide with environment setup, Add troubleshooting section to README, Create contributing guidelines for the project","Comprehensive code documentation, API documentation available, Deployment guide complete, Troubleshooting guide available, Contributing guidelines established","Update: README.md, Create: CONTRIBUTING.md, DEPLOYMENT.md, docs/api.md"
游댯 LOW: CI/CD Pipeline Implementation,4,5,"cicd,automation,infrastructure",Backlog,"Set up automated testing and deployment. Tasks: Create GitHub Actions workflow for testing and building, Add automated linting and type checking, Set up preview deployments for pull requests, Configure automatic dependency updates, Add security scanning for vulnerabilities","CI/CD pipeline operational, Automated testing on PRs, Preview deployments working, Dependency updates automated, Security scanning integrated","Create: .github/workflows/ci.yml, .github/workflows/deploy.yml, .github/dependabot.yml"
游댯 LOW: Advanced Performance Features,4,8,"performance,pwa,advanced",Backlog,"Implement advanced performance optimizations. Tasks: Add service worker for caching and offline support, Implement Progressive Web App (PWA) features, Add lazy loading for non-critical components, Optimize CSS with unused style removal, Implement advanced caching strategies","Service worker operational, PWA features working, Lazy loading implemented, CSS optimization active, Advanced caching working","Create: public/sw.js, src/components/LazyWrapper.tsx, Update: next.config.ts"
游댯 LOW: Enhanced Agent Features,4,8,"ai,agents,advanced",Backlog,"Improve agent capabilities and developer experience. Tasks: Add conversation logging and analytics for agents, Implement agent performance metrics, Create agent debugging tools and console, Add agent A/B testing capabilities, Implement advanced memory management features","Agent analytics dashboard available, Performance metrics tracking, Debugging tools operational, A/B testing framework ready, Advanced memory management working","Create: src/lib/agent-analytics.ts, src/components/AgentDebugger.tsx, src/lib/agent-testing.ts"
